id;code;date;expiry
1;zero;2023-04-14T19:06:17;2023-04-14T12:10:41
2;Assurance;2023-04-15T00:05:19;2023-04-15T08:36:53
3;Intelligent;2023-04-15T11:04:16;2023-04-14T19:18:49
4;Mouse mobile Car;2023-04-15T02:58:53;2023-04-15T01:53:04
5;experiences hack Tri;2023-04-14T17:37:58;2023-04-15T05:16:09
6;Chief streamline;2023-04-14T21:42:10;2023-04-14T13:59:17
7;Home content-based e;2023-04-15T08:22:22;2023-04-15T03:49:13
8;heuristic Rubber;2023-04-15T04:57:56;2023-04-14T23:32:24
9;Books;2023-04-14T22:30:25;2023-04-15T01:42:27
10;Dinar;2023-04-15T00:26:52;2023-04-15T08:08:39
